Company,Revenue Growth (%),Net Income Growth (%),Assests Growth (%),Total Liabilities Growth (%),Cash Flow Growth (%)
Apple,-6.401084010840108,-0.7459050693275202,-0.14938754409486998,-0.22709171534817477,18.197250362871905
Microsoft,-6.662011340840287,-5.7924920677828915,-10.334329675619701,-6.396540008707053,-12.278618870317892
Tesla,-16.583421584262183,-24.064302871003093,-15.771471364442299,-10.480864134181635,1.8890046908383364
